{
  "visible": {
    "type": 0,
    "list_id": 0
  },
  "created_at": "Sat Feb 01 21:12:13 +0800 2020",
  "id": "4467266244514375",
  "mid": "4467266244514375",
  "can_edit": false,
  "version": 1,
  "show_additional_indication": 0,
  "text": "恭喜<a href='/n/杏子狸'>@杏子狸</a> 等3名用户获得【小肥柴公仔（随机款）】。微博官方唯一抽奖工具<a href='/n/微博抽奖平台'>@微博抽奖平台</a> 对本次抽奖进行监督，结果公正有效。公示链接：<a data-url=\"http://t.cn/A6PpgfQt\" href=\"https://event.weibo.com/yae/event/lottery/result?pageid=100140E7377013&id=6543204\" data-hide=\"\"><span class='url-icon'><img style='width: 1rem;height: 1rem' src='https://h5.sinaimg.cn/upload/2015/09/25/3/timeline_card_small_web_default.png'></span><span class=\"surl-text\">微博抽奖平台</span></a>",
  "source": "微博抽奖平台",
  "favorited": false,
  "pic_ids": [],
  "pic_types": "",
  "is_paid": false,
  "mblog_vip_type": 0,
  "user": {
    "id": 2284144087,
    "screen_name": "小肥柴小肥柴",
    "profile_image_url": "https://tvax4.sinaimg.cn/crop.0.0.600.600.180/882545d7ly8fo5w7zk2hnj20go0go0u3.jpg?KID=imgbed,tva&Expires=1580983154&ssig=AWtI2qk2Oz",
    "profile_url": "https://m.weibo.cn/u/2284144087?uid=2284144087",
    "statuses_count": 88,
    "verified": false,
    "verified_type": -1,
    "close_blue_v": false,
    "description": "系列表情《小肥柴》。一只有点虚胖的小柴犬，属性呆萌。微博不定时更新，公众号：小肥柴。",
    "gender": "f",
    "mbtype": 11,
    "urank": 4,
    "mbrank": 2,
    "follow_me": false,
    "following": false,
    "followers_count": 22745,
    "follow_count": 10,
    "cover_image_phone": "https://tva1.sinaimg.cn/crop.0.0.640.640.640/549d0121tw1egm1kjly3jj20hs0hsq4f.jpg",
    "avatar_hd": "https://wx4.sinaimg.cn/orj480/882545d7ly8fo5w7zk2hnj20go0go0u3.jpg",
    "like": false,
    "like_me": false,
    "badge": {
      "bind_taobao": 1,
      "user_name_certificate": 1,
      "qixi_2018": 1,
      "china_2019": 1,
      "hongbao_2020": 2
    }
  },
  "retweeted_status": {
    "visible": {
      "type": 0,
      "list_id": 0
    },
    "created_at": "Thu Jan 16 10:16:46 +0800 2020",
    "id": "4461303089502031",
    "mid": "4461303089502031",
    "edit_count": 1,
    "can_edit": false,
    "edit_at": "Sat Feb 01 21:04:14 +0800 2020",
    "version": 5,
    "show_additional_indication": 0,
    "text": "来了来了，新表情《小肥柴9》已上架表情商店。一起跟小肥柴玩耍吧<span class=\"url-icon\"><img alt=[doge] src=\"//h5.sinaimg.cn/m/emoticon/icon/others/d_doge-861403219c.png\" style=\"width:1em; height:1em;\" /></span>  <a data-url=\"http://t.cn/A6PpdybG\" href=\"https://lottery.media.weibo.com/lottery/h5/history/list?mid=4461303089502031\" data-hide=\"\"><span class='url-icon'><img style='width: 1rem;height: 1rem' src='https://h5.sinaimg.cn/upload/2015/09/25/3/timeline_card_small_web_default.png'></span><span class=\"surl-text\">抽奖详情</span></a> ",
    "textLength": 91,
    "source": "iPhone 7",
    "favorited": false,
    "pic_ids": [
      "882545d7gy1gay6owowmaj20ku1e0tkj"
    ],
    "pic_types": "0",
    "pic_focus_point": [
      {
        "focus_point": {
          "left": 0.16231884062290192,
          "top": 0.3188405930995941,
          "width": 0.695652186870575,
          "height": 0.28985506296157837
        },
        "pic_id": "882545d7gy1gay6owowmaj20ku1e0tkj"
      }
    ],
    "pic_rectangle_object": [],
    "pic_flag": 1,
    "thumbnail_pic": "https://wx1.sinaimg.cn/thumbnail/882545d7gy1gay6owowmaj20ku1e0tkj.jpg",
    "bmiddle_pic": "http://wx1.sinaimg.cn/bmiddle/882545d7gy1gay6owowmaj20ku1e0tkj.jpg",
    "original_pic": "https://wx1.sinaimg.cn/large/882545d7gy1gay6owowmaj20ku1e0tkj.jpg",
    "is_paid": false,
    "mblog_vip_type": 0,
    "user": {
      "id": 2284144087,
      "screen_name": "小肥柴小肥柴",
      "profile_image_url": "https://tvax4.sinaimg.cn/crop.0.0.600.600.180/882545d7ly8fo5w7zk2hnj20go0go0u3.jpg?KID=imgbed,tva&Expires=1580983154&ssig=AWtI2qk2Oz",
      "profile_url": "https://m.weibo.cn/u/2284144087?uid=2284144087",
      "statuses_count": 88,
      "verified": false,
      "verified_type": -1,
      "close_blue_v": false,
      "description": "系列表情《小肥柴》。一只有点虚胖的小柴犬，属性呆萌。微博不定时更新，公众号：小肥柴。",
      "gender": "f",
      "mbtype": 11,
      "urank": 4,
      "mbrank": 2,
      "follow_me": false,
      "following": false,
      "followers_count": 22745,
      "follow_count": 10,
      "cover_image_phone": "https://tva1.sinaimg.cn/crop.0.0.640.640.640/549d0121tw1egm1kjly3jj20hs0hsq4f.jpg",
      "avatar_hd": "https://wx4.sinaimg.cn/orj480/882545d7ly8fo5w7zk2hnj20go0go0u3.jpg",
      "like": false,
      "like_me": false,
      "badge": {
        "bind_taobao": 1,
        "user_name_certificate": 1,
        "qixi_2018": 1,
        "china_2019": 1,
        "hongbao_2020": 2
      }
    },
    "reposts_count": 875,
    "comments_count": 343,
    "attitudes_count": 656,
    "pending_approval_count": 39,
    "isLongText": false,
    "reward_exhibition_type": 0,
    "hide_flag": 0,
    "expire_time": 1579481419,
    "darwin_tags": [],
    "mblogtype": 0,
    "more_info_type": 0,
    "content_auth": 0,
    "pic_num": 1,
    "page_info": {
      "object_type": 2,
      "type": "webpage",
      "page_pic": {
        "url": "webpage",
        "width": 120,
        "height": 120
      },
      "page_url": "https://lottery.media.weibo.com/lottery/h5/history/list?mid=4461303089502031",
      "page_title": "抽奖详情",
      "content1": "好用免费的官方微博抽奖平台，营销推广、增加粉丝利器！"
    },
    "pics": [
      {
        "pid": "882545d7gy1gay6owowmaj20ku1e0tkj",
        "url": "https://wx1.sinaimg.cn/orj360/882545d7gy1gay6owowmaj20ku1e0tkj.jpg",
        "size": "orj360",
        "geo": {
          "width": 360,
          "height": 864,
          "croped": false
        },
        "large": {
          "size": "large",
          "url": "https://wx1.sinaimg.cn/large/882545d7gy1gay6owowmaj20ku1e0tkj.jpg",
          "geo": {
            "width": "750",
            "height": "1800",
            "croped": false
          }
        }
      }
    ],
    "bid": "IpILWDRUz"
  },
  "reposts_count": 2,
  "comments_count": 12,
  "attitudes_count": 25,
  "pending_approval_count": 0,
  "isLongText": false,
  "reward_exhibition_type": 2,
  "reward_scheme": "sinaweibo://reward?bid=1000293251&enter_id=1000293251&enter_type=1&oid=4467266244514375&seller=2284144087&share=18cb5613ebf3d8aadd9975c1036ab1f47&sign=e46eb38df78ff732eb8a012b570612a1",
  "hide_flag": 0,
  "darwin_tags": [],
  "mblogtype": 0,
  "more_info_type": 0,
  "number_display_strategy": {
    "apply_scenario_flag": 3,
    "display_text_min_number": 1000000,
    "display_text": "100万+"
  },
  "content_auth": 0,
  "repost_type": 1,
  "pic_num": 0,
  "raw_text": "恭喜@杏子狸 等3名用户获得【小肥柴公仔（随机款）】。微博官方唯一抽奖工具@微博抽奖平台 对本次抽奖进行监督，结果公正有效。公示链接：http://t.cn/A6PpgfQt",
  "bid": "IsdTWiWov",
  "buttons": [
    {
      "type": "follow",
      "name": "关注",
      "sub_type": 0,
      "params": {
        "uid": 2284144087
      }
    }
  ],
  "status_title": "来了来了，新表情《小肥柴9》...",
  "ok": 1,
  "scheme": "https://weibo.cn/appurl?scheme=sinaweibo%3A%2F%2Fdetail%3Fmblogid%3D4467266244514375%26luicode%3D20000061%26lfid%3D4467266244514375&luicode=20000061&lfid=4467266244514375",
  "tipScheme": "https://weibo.cn/appurl?scheme=sinaweibo%3A%2F%2Fdetail%3Fmblogid%3D4467266244514375%26luicode%3D20000061%26lfid%3D4467266244514375&luicode=20000061&lfid=4467266244514375"
}