{
  "repostsArray": [
    {
      "visible": {
        "type": 0,
        "list_id": 0
      },
      "created_at": "Sat, 01 Feb 2020 16:00:00 GMT",
      "id": "4467628251250531",
      "mid": "4467628251250531",
      "can_edit": false,
      "show_additional_indication": 0,
      "text": "//<a href='/n/小肥柴小肥柴'>@小肥柴小肥柴</a>: 恭喜<a href='/n/杏子狸'>@杏子狸</a> 等3名用户获得【小肥柴公仔（随机款）】。微博官方唯一抽奖工具<a href='/n/微博抽奖平台'>@微博抽奖平台</a> 对本次抽奖进行监督，结果公正有效。公示链接： <a data-url=\"http://t.cn/A6PpgfQt\" href=\"https://event.weibo.com/yae/event/lottery/result?pageid=100140E7377013&id=6543204\" data-hide=\"\"><span class='url-icon'><img style='width: 1rem;height: 1rem' src='https://h5.sinaimg.cn/upload/2015/09/25/3/timeline_card_small_web_default.png'></span><span class=\"surl-text\">微博抽奖平台</span></a>",
      "source": "微博 weibo.com",
      "favorited": false,
      "pic_ids": [],
      "pic_types": "",
      "is_paid": false,
      "mblog_vip_type": 0,
      "user": {
        "id": 1877955825,
        "screen_name": "PharmaChemiapple-Y",
        "profile_image_url": "https://tva4.sinaimg.cn/crop.0.0.750.750.180/6fef54f1jw8f4g8li4jmaj20ku0kugn8.jpg?KID=imgbed,tva&Expires=1580983168&ssig=XlV07bXleL",
        "profile_url": "https://m.weibo.cn/u/1877955825?uid=1877955825&luicode=20000061&lfid=4467266244514375",
        "statuses_count": 5825,
        "verified": false,
        "verified_type": -1,
        "close_blue_v": false,
        "description": "植根于内心的修养 ；无需提醒的自觉；以约束为前提的自由；为别人着想的善良",
        "gender": "m",
        "mbtype": 0,
        "urank": 39,
        "mbrank": 0,
        "follow_me": false,
        "following": false,
        "followers_count": 484,
        "follow_count": 338,
        "cover_image_phone": "https://tva1.sinaimg.cn/crop.0.0.640.640.640/549d0121tw1egm1kjly3jj20hs0hsq4f.jpg",
        "avatar_hd": "https://ww4.sinaimg.cn/orj480/6fef54f1jw8f4g8li4jmaj20ku0kugn8.jpg",
        "like": false,
        "like_me": false,
        "badge": {
          "bind_taobao": 1,
          "zongyiji": 1,
          "unread_pool": 1,
          "unread_pool_ext": 1,
          "dzwbqlx_2016": 1,
          "lol_gm_2017": 1,
          "user_name_certificate": 1,
          "wenchuan_10th": 1,
          "qixi_2018": 1,
          "china_2019": 1,
          "gongjiri_2019": 1,
          "macao_2019": 1,
          "china_2019_2": 1,
          "hongbao_2020": 2
        }
      },
      "pid": 4467266244514375,
      "pidstr": "4467266244514375",
      "retweeted_status": {
        "visible": {
          "type": 0,
          "list_id": 0
        },
        "created_at": "Thu Jan 16 10:16:46 +0800 2020",
        "id": "4461303089502031",
        "mid": "4461303089502031",
        "edit_count": 1,
        "can_edit": false,
        "edit_at": "Sat Feb 01 21:04:14 +0800 2020",
        "version": 5,
        "show_additional_indication": 0,
        "text": "来了来了，新表情《小肥柴9》已上架表情商店。一起跟小肥柴玩耍吧<span class=\"url-icon\"><img alt=[doge] src=\"//h5.sinaimg.cn/m/emoticon/icon/others/d_doge-861403219c.png\" style=\"width:1em; height:1em;\" /></span>  <a data-url=\"http://t.cn/A6PpdybG\" href=\"https://lottery.media.weibo.com/lottery/h5/history/list?mid=4461303089502031\" data-hide=\"\"><span class='url-icon'><img style='width: 1rem;height: 1rem' src='https://h5.sinaimg.cn/upload/2015/09/25/3/timeline_card_small_web_default.png'></span><span class=\"surl-text\">抽奖详情</span></a> ",
        "textLength": 91,
        "source": "iPhone 7",
        "favorited": false,
        "pic_ids": [
          "882545d7gy1gay6owowmaj20ku1e0tkj"
        ],
        "pic_types": "0",
        "pic_focus_point": [
          {
            "focus_point": {
              "left": 0.16231884062290192,
              "top": 0.3188405930995941,
              "width": 0.695652186870575,
              "height": 0.28985506296157837
            },
            "pic_id": "882545d7gy1gay6owowmaj20ku1e0tkj"
          }
        ],
        "pic_rectangle_object": [],
        "pic_flag": 1,
        "thumbnail_pic": "https://wx1.sinaimg.cn/thumbnail/882545d7gy1gay6owowmaj20ku1e0tkj.jpg",
        "bmiddle_pic": "http://wx1.sinaimg.cn/bmiddle/882545d7gy1gay6owowmaj20ku1e0tkj.jpg",
        "original_pic": "https://wx1.sinaimg.cn/large/882545d7gy1gay6owowmaj20ku1e0tkj.jpg",
        "is_paid": false,
        "mblog_vip_type": 0,
        "user": {
          "id": 2284144087,
          "screen_name": "小肥柴小肥柴",
          "profile_image_url": "https://tvax4.sinaimg.cn/crop.0.0.600.600.180/882545d7ly8fo5w7zk2hnj20go0go0u3.jpg?KID=imgbed,tva&Expires=1580983168&ssig=lNSB%2FrIpBu",
          "profile_url": "https://m.weibo.cn/u/2284144087?uid=2284144087&luicode=20000061&lfid=4467266244514375",
          "statuses_count": 88,
          "verified": false,
          "verified_type": -1,
          "close_blue_v": false,
          "description": "系列表情《小肥柴》。一只有点虚胖的小柴犬，属性呆萌。微博不定时更新，公众号：小肥柴。",
          "gender": "f",
          "mbtype": 11,
          "urank": 4,
          "mbrank": 2,
          "follow_me": false,
          "following": false,
          "followers_count": 22745,
          "follow_count": 10,
          "cover_image_phone": "https://tva1.sinaimg.cn/crop.0.0.640.640.640/549d0121tw1egm1kjly3jj20hs0hsq4f.jpg",
          "avatar_hd": "https://wx4.sinaimg.cn/orj480/882545d7ly8fo5w7zk2hnj20go0go0u3.jpg",
          "like": false,
          "like_me": false,
          "badge": {
            "bind_taobao": 1,
            "user_name_certificate": 1,
            "qixi_2018": 1,
            "china_2019": 1,
            "hongbao_2020": 2
          }
        },
        "reposts_count": 875,
        "comments_count": 343,
        "attitudes_count": 656,
        "pending_approval_count": 39,
        "isLongText": false,
        "reward_exhibition_type": 0,
        "hide_flag": 0,
        "expire_time": 1579481419,
        "darwin_tags": [],
        "mblogtype": 0,
        "more_info_type": 0,
        "content_auth": 0,
        "pic_num": 1,
        "page_info": {
          "object_type": 2,
          "type": "webpage",
          "page_pic": {
            "url": "webpage",
            "width": 120,
            "height": 120
          },
          "page_url": "https://lottery.media.weibo.com/lottery/h5/history/list?mid=4461303089502031&luicode=20000061&lfid=4467266244514375",
          "page_title": "抽奖详情",
          "content1": "好用免费的官方微博抽奖平台，营销推广、增加粉丝利器！"
        },
        "pics": [
          {
            "pid": "882545d7gy1gay6owowmaj20ku1e0tkj",
            "url": "https://wx1.sinaimg.cn/orj360/882545d7gy1gay6owowmaj20ku1e0tkj.jpg",
            "size": "orj360",
            "geo": {
              "width": 360,
              "height": 864,
              "croped": false
            },
            "large": {
              "size": "large",
              "url": "https://wx1.sinaimg.cn/large/882545d7gy1gay6owowmaj20ku1e0tkj.jpg",
              "geo": {
                "width": "750",
                "height": "1800",
                "croped": false
              }
            }
          }
        ],
        "bid": "IpILWDRUz"
      },
      "reposts_count": 0,
      "comments_count": 0,
      "attitudes_count": 0,
      "pending_approval_count": 0,
      "isLongText": false,
      "reward_exhibition_type": 0,
      "hide_flag": 0,
      "darwin_tags": [],
      "mblogtype": 0,
      "more_info_type": 0,
      "number_display_strategy": {
        "apply_scenario_flag": 3,
        "display_text_min_number": 1000000,
        "display_text": "100万+"
      },
      "content_auth": 0,
      "repost_type": 1,
      "pic_num": 0,
      "raw_text": "//@小肥柴小肥柴: 恭喜@杏子狸 等3名用户获得【小肥柴公仔（随机款）】。微博官方唯一抽奖工具@微博抽奖平台 对本次抽奖进行监督，结果公正有效。公示链接： http://t.cn/A6PpgfQt",
      "bid": "IsnjP5fjR"
    },
    {
      "visible": {
        "type": 0,
        "list_id": 0
      },
      "created_at": "Sat, 01 Feb 2020 16:00:00 GMT",
      "id": "4467605538730239",
      "mid": "4467605538730239",
      "can_edit": false,
      "show_additional_indication": 0,
      "text": "<span class=\"url-icon\"><img alt=[泪] src=\"//h5.sinaimg.cn/m/emoticon/icon/default/d_lei-1b4b02f8b1.png\" style=\"width:1em; height:1em;\" /></span>//<a href='/n/小肥柴小肥柴'>@小肥柴小肥柴</a>:恭喜<a href='/n/杏子狸'>@杏子狸</a> 等3名用户获得【小肥柴公仔（随机款）】。微博官方唯一抽奖工具<a href='/n/微博抽奖平台'>@微博抽奖平台</a> 对本次抽奖进行监督，结果公正有效。公示链接：<a data-url=\"http://t.cn/A6PpgfQt\" href=\"https://event.weibo.com/yae/event/lottery/result?pageid=100140E7377013&id=6543204\" data-hide=\"\"><span class='url-icon'><img style='width: 1rem;height: 1rem' src='https://h5.sinaimg.cn/upload/2015/09/25/3/timeline_card_small_web_default.png'></span><span class=\"surl-text\">微博抽奖平台</span></a>",
      "source": "HUAWEI P30",
      "favorited": false,
      "pic_ids": [],
      "pic_types": "",
      "is_paid": false,
      "mblog_vip_type": 0,
      "user": {
        "id": 3435085504,
        "screen_name": "卡戎crush",
        "profile_image_url": "https://tvax3.sinaimg.cn/crop.0.0.996.996.180/ccbf3ec0ly8gapetr90o0j20ro0rp3zo.jpg?KID=imgbed,tva&Expires=1580983168&ssig=bGqqf2Txck",
        "profile_url": "https://m.weibo.cn/u/3435085504?uid=3435085504&luicode=20000061&lfid=4467266244514375",
        "statuses_count": 1824,
        "verified": false,
        "verified_type": -1,
        "close_blue_v": false,
        "description": "拖延症晚期ʕ•͓͡•ʔ手帐er",
        "gender": "f",
        "mbtype": 0,
        "urank": 14,
        "mbrank": 0,
        "follow_me": false,
        "following": false,
        "followers_count": 198,
        "follow_count": 952,
        "cover_image_phone": "https://tva1.sinaimg.cn/crop.0.0.640.640.640/9d44112bjw1f1xl1c10tuj20hs0hs0tw.jpg",
        "avatar_hd": "https://wx3.sinaimg.cn/orj480/ccbf3ec0ly8gapetr90o0j20ro0rp3zo.jpg",
        "like": false,
        "like_me": false,
        "badge": {
          "bind_taobao": 1,
          "zongyiji": 1,
          "unread_pool": 1,
          "unread_pool_ext": 1,
          "dzwbqlx_2016": 1,
          "user_name_certificate": 1,
          "suishoupai_2018": 8,
          "super_star_2018": 1,
          "worldcup_2018": 34,
          "dailv_2018": 6,
          "double11_2018": 1,
          "wbzy_2018": 1,
          "hongbaofei_2019": 1,
          "fu_2019": 1,
          "suishoupai_2019": 2,
          "hongrenjie_2019": 1,
          "shuang11_2019": 1,
          "hongbao_2020": 2
        }
      },
      "pid": 4467266244514375,
      "pidstr": "4467266244514375",
      "retweeted_status": {
        "visible": {
          "type": 0,
          "list_id": 0
        },
        "created_at": "Thu Jan 16 10:16:46 +0800 2020",
        "id": "4461303089502031",
        "mid": "4461303089502031",
        "edit_count": 1,
        "can_edit": false,
        "edit_at": "Sat Feb 01 21:04:14 +0800 2020",
        "version": 5,
        "show_additional_indication": 0,
        "text": "来了来了，新表情《小肥柴9》已上架表情商店。一起跟小肥柴玩耍吧<span class=\"url-icon\"><img alt=[doge] src=\"//h5.sinaimg.cn/m/emoticon/icon/others/d_doge-861403219c.png\" style=\"width:1em; height:1em;\" /></span>  <a data-url=\"http://t.cn/A6PpdybG\" href=\"https://lottery.media.weibo.com/lottery/h5/history/list?mid=4461303089502031\" data-hide=\"\"><span class='url-icon'><img style='width: 1rem;height: 1rem' src='https://h5.sinaimg.cn/upload/2015/09/25/3/timeline_card_small_web_default.png'></span><span class=\"surl-text\">抽奖详情</span></a> ",
        "textLength": 91,
        "source": "iPhone 7",
        "favorited": false,
        "pic_ids": [
          "882545d7gy1gay6owowmaj20ku1e0tkj"
        ],
        "pic_types": "0",
        "pic_focus_point": [
          {
            "focus_point": {
              "left": 0.16231884062290192,
              "top": 0.3188405930995941,
              "width": 0.695652186870575,
              "height": 0.28985506296157837
            },
            "pic_id": "882545d7gy1gay6owowmaj20ku1e0tkj"
          }
        ],
        "pic_rectangle_object": [],
        "pic_flag": 1,
        "thumbnail_pic": "https://wx1.sinaimg.cn/thumbnail/882545d7gy1gay6owowmaj20ku1e0tkj.jpg",
        "bmiddle_pic": "http://wx1.sinaimg.cn/bmiddle/882545d7gy1gay6owowmaj20ku1e0tkj.jpg",
        "original_pic": "https://wx1.sinaimg.cn/large/882545d7gy1gay6owowmaj20ku1e0tkj.jpg",
        "is_paid": false,
        "mblog_vip_type": 0,
        "user": {
          "id": 2284144087,
          "screen_name": "小肥柴小肥柴",
          "profile_image_url": "https://tvax4.sinaimg.cn/crop.0.0.600.600.180/882545d7ly8fo5w7zk2hnj20go0go0u3.jpg?KID=imgbed,tva&Expires=1580983168&ssig=lNSB%2FrIpBu",
          "profile_url": "https://m.weibo.cn/u/2284144087?uid=2284144087&luicode=20000061&lfid=4467266244514375",
          "statuses_count": 88,
          "verified": false,
          "verified_type": -1,
          "close_blue_v": false,
          "description": "系列表情《小肥柴》。一只有点虚胖的小柴犬，属性呆萌。微博不定时更新，公众号：小肥柴。",
          "gender": "f",
          "mbtype": 11,
          "urank": 4,
          "mbrank": 2,
          "follow_me": false,
          "following": false,
          "followers_count": 22745,
          "follow_count": 10,
          "cover_image_phone": "https://tva1.sinaimg.cn/crop.0.0.640.640.640/549d0121tw1egm1kjly3jj20hs0hsq4f.jpg",
          "avatar_hd": "https://wx4.sinaimg.cn/orj480/882545d7ly8fo5w7zk2hnj20go0go0u3.jpg",
          "like": false,
          "like_me": false,
          "badge": {
            "bind_taobao": 1,
            "user_name_certificate": 1,
            "qixi_2018": 1,
            "china_2019": 1,
            "hongbao_2020": 2
          }
        },
        "reposts_count": 875,
        "comments_count": 343,
        "attitudes_count": 656,
        "pending_approval_count": 39,
        "isLongText": false,
        "reward_exhibition_type": 0,
        "hide_flag": 0,
        "expire_time": 1579481419,
        "darwin_tags": [],
        "mblogtype": 0,
        "more_info_type": 0,
        "content_auth": 0,
        "pic_num": 1,
        "page_info": {
          "object_type": 2,
          "type": "webpage",
          "page_pic": {
            "url": "webpage",
            "width": 120,
            "height": 120
          },
          "page_url": "https://lottery.media.weibo.com/lottery/h5/history/list?mid=4461303089502031&luicode=20000061&lfid=4467266244514375",
          "page_title": "抽奖详情",
          "content1": "好用免费的官方微博抽奖平台，营销推广、增加粉丝利器！"
        },
        "pics": [
          {
            "pid": "882545d7gy1gay6owowmaj20ku1e0tkj",
            "url": "https://wx1.sinaimg.cn/orj360/882545d7gy1gay6owowmaj20ku1e0tkj.jpg",
            "size": "orj360",
            "geo": {
              "width": 360,
              "height": 864,
              "croped": false
            },
            "large": {
              "size": "large",
              "url": "https://wx1.sinaimg.cn/large/882545d7gy1gay6owowmaj20ku1e0tkj.jpg",
              "geo": {
                "width": "750",
                "height": "1800",
                "croped": false
              }
            }
          }
        ],
        "bid": "IpILWDRUz"
      },
      "reposts_count": 0,
      "comments_count": 0,
      "attitudes_count": 0,
      "pending_approval_count": 0,
      "isLongText": false,
      "reward_exhibition_type": 0,
      "hide_flag": 0,
      "darwin_tags": [],
      "mblogtype": 0,
      "more_info_type": 0,
      "number_display_strategy": {
        "apply_scenario_flag": 3,
        "display_text_min_number": 1000000,
        "display_text": "100万+"
      },
      "content_auth": 0,
      "repost_type": 1,
      "pic_num": 0,
      "raw_text": "[泪]//@小肥柴小肥柴:恭喜@杏子狸 等3名用户获得【小肥柴公仔（随机款）】。微博官方唯一抽奖工具@微博抽奖平台 对本次抽奖进行监督，结果公正有效。公示链接：http://t.cn/A6PpgfQt",
      "bid": "IsmJbAD8j"
    }
  ],
  "commentsArray": [
    {
      "created_at": "Sat Feb 01 21:26:29 +0800 2020",
      "id": "4467269835209445",
      "rootid": "4467269835209445",
      "rootidstr": "4467269835209445",
      "floor_number": 1,
      "text": "想知道在哪买<span class=\"url-icon\"><img alt=[羞嗒嗒] src=\"//h5.sinaimg.cn/m/emoticon/icon/lxh/lxh_xiudada-f44e8f5688.png\" style=\"width:1em; height:1em;\" /></span>",
      "disable_reply": 0,
      "user": {
        "id": 2067137711,
        "screen_name": "PM-2点5-",
        "profile_image_url": "https://tvax1.sinaimg.cn/crop.0.0.996.996.180/7b3604afly8g35lbfk8cnj20ro0rowh3.jpg?KID=imgbed,tva&Expires=1580983167&ssig=TjauvMKPMd",
        "profile_url": "https://m.weibo.cn/u/2067137711?uid=2067137711&luicode=20000061&lfid=4467266244514375",
        "statuses_count": 196,
        "verified": false,
        "verified_type": -1,
        "close_blue_v": false,
        "description": "Leave the past in the past...",
        "gender": "f",
        "mbtype": 0,
        "urank": 26,
        "mbrank": 0,
        "follow_me": false,
        "following": false,
        "followers_count": 167,
        "follow_count": 220,
        "cover_image_phone": "https://tva1.sinaimg.cn/crop.0.0.640.640.640/a1d3feabjw1ecat4uqw77j20hs0hsacp.jpg",
        "avatar_hd": "https://wx1.sinaimg.cn/orj480/7b3604afly8g35lbfk8cnj20ro0rowh3.jpg",
        "like": false,
        "like_me": false,
        "badge": {
          "unread_pool": 1,
          "unread_pool_ext": 1,
          "user_name_certificate": 1,
          "china_2019": 1
        }
      },
      "mid": "4467269835209445",
      "readtimetype": "comment",
      "comments": false,
      "max_id": 0,
      "total_number": 0,
      "isLikedByMblogAuthor": false,
      "more_info_type": 0,
      "bid": "IsdZJlRdj",
      "source": "",
      "like_count": 4,
      "liked": false
    },
    {
      "created_at": "Sat Feb 01 22:34:44 +0800 2020",
      "id": "4467287014794581",
      "rootid": "4467287014794581",
      "rootidstr": "4467287014794581",
      "floor_number": 8,
      "text": "我怀疑我被柴爸屏蔽抽奖了<span class=\"url-icon\"><img alt=[并不简单] src=\"//h5.sinaimg.cn/m/emoticon/icon/default/d_bingbujiandan-e0c6936005.png\" style=\"width:1em; height:1em;\" /></span>",
      "disable_reply": 0,
      "comment_badge": [
        {
          "pic_url": "https://h5.sinaimg.cn/upload/1007/25/2019/05/17/feed_iconloyalfan_identity133low.png",
          "name": "loyal_fans",
          "length": 1.33,
          "actionlog": {
            "act_code": "3671",
            "ext": "status:fans"
          },
          "scheme": "https://kefu.weibo.com/faqdetail?id=20848"
        }
      ],
      "user": {
        "id": 1839023481,
        "screen_name": "走之之之之儿",
        "profile_image_url": "https://tvax3.sinaimg.cn/crop.0.0.1080.1080.180/6d9d4579ly8g3al1jfoapj20u00u0dh5.jpg?KID=imgbed,tva&Expires=1580983167&ssig=PTwYo%2BqPqy",
        "profile_url": "https://m.weibo.cn/u/1839023481?uid=1839023481&luicode=20000061&lfid=4467266244514375",
        "statuses_count": 572,
        "verified": true,
        "verified_type": 0,
        "verified_type_ext": 0,
        "verified_reason": "小肥柴小肥柴超话主持人",
        "close_blue_v": false,
        "description": "你看这碗，它像不像一只🥥",
        "gender": "f",
        "mbtype": 2,
        "urank": 14,
        "mbrank": 6,
        "follow_me": false,
        "following": false,
        "followers_count": 1033,
        "follow_count": 233,
        "cover_image_phone": "https://tva1.sinaimg.cn/crop.0.0.640.640.640/9d44112bjw1f1xl1c10tuj20hs0hs0tw.jpg",
        "avatar_hd": "https://wx3.sinaimg.cn/orj480/6d9d4579ly8g3al1jfoapj20u00u0dh5.jpg",
        "like": false,
        "like_me": false,
        "badge": {
          "unread_pool": 1,
          "unread_pool_ext": 1,
          "user_name_certificate": 1,
          "dailv_2019": 1,
          "china_2019": 1,
          "cishan_2019": 1,
          "wbzy_2019": 1,
          "hongbao_2020": 2,
          "feiyan_2020": 1
        }
      },
      "mid": "4467287014794581",
      "readtimetype": "comment",
      "comments": false,
      "max_id": 0,
      "total_number": 0,
      "isLikedByMblogAuthor": false,
      "more_info_type": 0,
      "bid": "Iserrk7hX",
      "source": "",
      "like_count": 4,
      "liked": false
    },
    {
      "created_at": "Sat Feb 01 21:27:08 +0800 2020",
      "id": "4467269998684153",
      "rootid": "4467269998684153",
      "rootidstr": "4467269998684153",
      "floor_number": 2,
      "text": "图片评论",
      "disable_reply": 0,
      "comment_badge": [
        {
          "pic_url": "https://h5.sinaimg.cn/upload/1007/25/2019/05/17/feed_iconloyalfan_identity133low.png",
          "name": "loyal_fans",
          "length": 1.33,
          "actionlog": {
            "act_code": "3671",
            "ext": "status:fans"
          },
          "scheme": "https://kefu.weibo.com/faqdetail?id=20848"
        }
      ],
      "user": {
        "id": 5131114005,
        "screen_name": "布勒愉鸣-",
        "profile_image_url": "https://tvax2.sinaimg.cn/crop.0.0.996.996.180/005BfD9jly8gbfwmzwdnxj30ro0ro75p.jpg?KID=imgbed,tva&Expires=1580983167&ssig=Ib%2BO7VnVY5",
        "profile_url": "https://m.weibo.cn/u/5131114005?uid=5131114005&luicode=20000061&lfid=4467266244514375",
        "statuses_count": 474,
        "verified": false,
        "verified_type": -1,
        "close_blue_v": false,
        "description": "som nia nia nia♡",
        "gender": "f",
        "mbtype": 2,
        "urank": 14,
        "mbrank": 2,
        "follow_me": false,
        "following": false,
        "followers_count": 139,
        "follow_count": 156,
        "cover_image_phone": "https://tva2.sinaimg.cn/crop.0.0.640.640.640/68f96449jw1ergqx79rw4j20hs0hswh0.jpg",
        "avatar_hd": "https://wx2.sinaimg.cn/orj480/005BfD9jly8gbfwmzwdnxj30ro0ro75p.jpg",
        "like": false,
        "like_me": false,
        "badge": {
          "bind_taobao": 1,
          "dailv": 1,
          "zongyiji": 1,
          "unread_pool": 1,
          "unread_pool_ext": 1,
          "dzwbqlx_2016": 1,
          "user_name_certificate": 1,
          "super_star_2018": 1,
          "dailv_2018": 4,
          "national_day_2018": 1,
          "memorial_2018": 1,
          "hongbaofei_2019": 1,
          "womensday_2018": 1,
          "suishoupai_2019": 6,
          "hongrenjie_2019": 1,
          "china_2019": 1,
          "dzwbqlx_2019": 2,
          "hongbao_2020": 2
        }
      },
      "mid": "4467269998684153",
      "readtimetype": "comment",
      "comments": false,
      "max_id": 0,
      "total_number": 0,
      "isLikedByMblogAuthor": false,
      "more_info_type": 0,
      "pic": {
        "pid": "005BfD9jgy1gbh7zfnmvcj30ch0d3t98",
        "url": "https://wx1.sinaimg.cn/orj360/005BfD9jgy1gbh7zfnmvcj30ch0d3t98.jpg",
        "size": "orj360",
        "geo": {
          "width": 360,
          "height": 377,
          "croped": false
        },
        "large": {
          "size": "large",
          "url": "https://wx1.sinaimg.cn/large/005BfD9jgy1gbh7zfnmvcj30ch0d3t98.jpg",
          "geo": {
            "width": "449",
            "height": "471",
            "croped": false
          }
        }
      },
      "bid": "IsdZZAr8Z",
      "source": "",
      "like_count": 3,
      "liked": false
    },
    {
      "created_at": "Sun Feb 02 01:41:39 +0800 2020",
      "id": "4467334049720526",
      "rootid": "4467334049720526",
      "rootidstr": "4467334049720526",
      "floor_number": 9,
      "text": "<a href='/n/魔人布欧-6'>@魔人布欧-6</a> 一直在转发，从来没中过<span class=\"url-icon\"><img alt=[跪了] src=\"//h5.sinaimg.cn/m/emoticon/icon/default/d_guile-7b3e474f7f.png\" style=\"width:1em; height:1em;\" /></span>",
      "disable_reply": 0,
      "user": {
        "id": 1826007454,
        "screen_name": "hey_sai",
        "profile_image_url": "https://tvax3.sinaimg.cn/crop.0.0.996.996.180/6cd6a99ely8gactxkas0qj20ro0roq6p.jpg?KID=imgbed,tva&Expires=1580983167&ssig=eAnyefCGsV",
        "profile_url": "https://m.weibo.cn/u/1826007454?uid=1826007454&luicode=20000061&lfid=4467266244514375",
        "statuses_count": 7051,
        "verified": false,
        "verified_type": 220,
        "close_blue_v": false,
        "description": "little summer",
        "gender": "f",
        "mbtype": 12,
        "urank": 45,
        "mbrank": 6,
        "follow_me": false,
        "following": false,
        "followers_count": 1437,
        "follow_count": 1130,
        "cover_image_phone": "https://wx4.sinaimg.cn/crop.0.0.640.640.640/6cd6a99egy1fxaxgahy6mj20u00u0k8r.jpg",
        "avatar_hd": "https://wx3.sinaimg.cn/orj480/6cd6a99ely8gactxkas0qj20ro0roq6p.jpg",
        "like": false,
        "like_me": false,
        "badge": {
          "gongyi_level": 1,
          "bind_taobao": 1,
          "dailv": 1,
          "zongyiji": 1,
          "unread_pool": 1,
          "unread_pool_ext": 1,
          "dzwbqlx_2016": 1,
          "super_star_2017": 1,
          "panda": 1,
          "user_name_certificate": 1,
          "suishoupai_2018": 5,
          "worldcup_2018": 34,
          "dailv_2018": 1,
          "double11_2018": 1,
          "hongbaofei_2019": 1,
          "fu_2019": 1,
          "avengers_2019": 1,
          "suishoupai_2019": 1,
          "china_2019": 1,
          "hongkong_2019": 1,
          "hongbao_2020": 2
        }
      },
      "mid": "4467334049720526",
      "readtimetype": "comment",
      "comments": false,
      "max_id": 0,
      "total_number": 0,
      "isLikedByMblogAuthor": false,
      "more_info_type": 0,
      "bid": "IsfFiEMKG",
      "source": "",
      "like_count": 0,
      "liked": false
    },
    {
      "created_at": "Sat Feb 01 21:52:43 +0800 2020",
      "id": "4467276440492756",
      "rootid": "4467276440492756",
      "rootidstr": "4467276440492756",
      "floor_number": 7,
      "text": "啊啊啊啊啊啊啊，太开心了，肥柴每一个表情都有下载<span class=\"url-icon\"><img alt=[爱你] src=\"//h5.sinaimg.cn/m/emoticon/icon/default/d_aini-4a23c0524a.png\" style=\"width:1em; height:1em;\" /></span>",
      "disable_reply": 0,
      "user": {
        "id": 1620368880,
        "screen_name": "杏子狸",
        "profile_image_url": "https://tvax1.sinaimg.cn/crop.0.0.664.664.180/6094ddf0ly8g8luhoiup7j20ig0igq3q.jpg?KID=imgbed,tva&Expires=1580983167&ssig=x%2F%2BIeQUv96",
        "profile_url": "https://m.weibo.cn/u/1620368880?uid=1620368880&luicode=20000061&lfid=4467266244514375",
        "statuses_count": 559,
        "verified": false,
        "verified_type": -1,
        "close_blue_v": false,
        "description": "好好生活",
        "gender": "f",
        "mbtype": 11,
        "urank": 33,
        "mbrank": 2,
        "follow_me": false,
        "following": false,
        "followers_count": 21,
        "follow_count": 172,
        "cover_image_phone": "https://wx1.sinaimg.cn/crop.0.0.640.640.640/6094ddf0ly1g8ludxx4krj20k00k0455.jpg",
        "avatar_hd": "https://wx1.sinaimg.cn/orj480/6094ddf0ly8g8luhoiup7j20ig0igq3q.jpg",
        "like": false,
        "like_me": false,
        "badge": {
          "bind_taobao": 1,
          "unread_pool": 1,
          "unread_pool_ext": 1,
          "cz_wed_2017": 1,
          "panda": 1,
          "user_name_certificate": 1,
          "suishoupai_2018": 5,
          "worldcup_2018": 34,
          "dailv_2018": 6,
          "qixi_2018": 1,
          "double11_2018": 1,
          "hongbaofei_2019": 1,
          "suishoupai_2019": 3,
          "hongrenjie_2019": 1,
          "china_2019": 1,
          "shuang11_2019": 1,
          "hongbao_2020": 2
        }
      },
      "mid": "4467276440492756",
      "readtimetype": "comment",
      "comments": false,
      "max_id": 0,
      "total_number": 0,
      "isLikedByMblogAuthor": false,
      "more_info_type": 0,
      "bid": "Iseao24bG",
      "source": "",
      "like_count": 0,
      "liked": false
    },
    {
      "created_at": "Mon Feb 03 00:54:46 +0800 2020",
      "id": "4467684643583611",
      "rootid": "4467684643583611",
      "rootidstr": "4467684643583611",
      "floor_number": 12,
      "text": "柴爸要多出来冒泡泡啊<span class=\"url-icon\"><img alt=[doge] src=\"//h5.sinaimg.cn/m/emoticon/icon/others/d_doge-861403219c.png\" style=\"width:1em; height:1em;\" /></span>",
      "disable_reply": 0,
      "user": {
        "id": 3217149653,
        "screen_name": "Hamasaski",
        "profile_image_url": "https://tva4.sinaimg.cn/crop.0.10.480.480.180/bfc1ced5jw8eq459pj82cj20dc0hs754.jpg?KID=imgbed,tva&Expires=1580983167&ssig=cv0nmaceUr",
        "profile_url": "https://m.weibo.cn/u/3217149653?uid=3217149653&luicode=20000061&lfid=4467266244514375",
        "statuses_count": 460,
        "verified": false,
        "verified_type": -1,
        "close_blue_v": false,
        "description": "傻气十足，聪明活泼。 活得自在，死了痛快。",
        "gender": "m",
        "mbtype": 0,
        "urank": 9,
        "mbrank": 0,
        "follow_me": false,
        "following": false,
        "followers_count": 154,
        "follow_count": 224,
        "cover_image_phone": "https://tva1.sinaimg.cn/crop.0.0.640.640.640/549d0121tw1egm1kjly3jj20hs0hsq4f.jpg",
        "avatar_hd": "https://ww4.sinaimg.cn/orj480/bfc1ced5jw8eq459pj82cj20dc0hs754.jpg",
        "like": false,
        "like_me": false,
        "badge": {
          "bind_taobao": 1,
          "unread_pool": 1,
          "user_name_certificate": 1,
          "lol_s8": 1,
          "suishoupai_2019": 1,
          "hongrenjie_2019": 1,
          "hongbao_2020": 2
        }
      },
      "mid": "4467684643583611",
      "readtimetype": "comment",
      "comments": false,
      "max_id": 0,
      "total_number": 0,
      "isLikedByMblogAuthor": false,
      "more_info_type": 0,
      "bid": "IsoMMf2gb",
      "source": "",
      "like_count": 0,
      "liked": false
    },
    {
      "created_at": "Sun Feb 02 13:50:01 +0800 2020",
      "id": "4467517349256634",
      "rootid": "4467517349256634",
      "rootidstr": "4467517349256634",
      "floor_number": 11,
      "text": "啊啊啊啊啊啊，我不是在做梦吧<span class=\"url-icon\"><img alt=[鼓掌] src=\"//h5.sinaimg.cn/m/emoticon/icon/default/d_guzhang-a35dfd4d70.png\" style=\"width:1em; height:1em;\" /></span>谢谢柴把爸<span class=\"url-icon\"><img alt=[爱你] src=\"//h5.sinaimg.cn/m/emoticon/icon/default/d_aini-4a23c0524a.png\" style=\"width:1em; height:1em;\" /></span><span class=\"url-icon\"><img alt=[爱你] src=\"//h5.sinaimg.cn/m/emoticon/icon/default/d_aini-4a23c0524a.png\" style=\"width:1em; height:1em;\" /></span><span class=\"url-icon\"><img alt=[爱你] src=\"//h5.sinaimg.cn/m/emoticon/icon/default/d_aini-4a23c0524a.png\" style=\"width:1em; height:1em;\" /></span>",
      "disable_reply": 0,
      "user": {
        "id": 1626223827,
        "screen_name": "Isabelle衣莎贝",
        "profile_image_url": "https://tvax1.sinaimg.cn/crop.0.0.512.512.180/60ee34d3ly8gbi9y31240j20e80e8dge.jpg?KID=imgbed,tva&Expires=1580983167&ssig=iiTwU0rc%2B0",
        "profile_url": "https://m.weibo.cn/u/1626223827?uid=1626223827&luicode=20000061&lfid=4467266244514375",
        "statuses_count": 1650,
        "verified": false,
        "verified_type": -1,
        "close_blue_v": false,
        "description": "陈信宏的娇妻",
        "gender": "f",
        "mbtype": 0,
        "urank": 35,
        "mbrank": 0,
        "follow_me": false,
        "following": false,
        "followers_count": 648,
        "follow_count": 1815,
        "cover_image_phone": "https://tva1.sinaimg.cn/crop.0.0.640.640.640/549d0121tw1egm1kjly3jj20hs0hsq4f.jpg",
        "avatar_hd": "https://wx1.sinaimg.cn/orj480/60ee34d3ly8gbi9y31240j20e80e8dge.jpg",
        "like": false,
        "like_me": false,
        "badge": {
          "bind_taobao": 1,
          "zongyiji": 1,
          "unread_pool": 1,
          "unread_pool_ext": 1,
          "user_name_certificate": 1,
          "hongbao_2020": 2
        }
      },
      "mid": "4467517349256634",
      "readtimetype": "comment",
      "comments": false,
      "max_id": 0,
      "total_number": 0,
      "isLikedByMblogAuthor": false,
      "more_info_type": 0,
      "bid": "IskqWCQ4y",
      "source": "",
      "like_count": 0,
      "liked": false
    },
    {
      "created_at": "Sun Feb 02 02:35:56 +0800 2020",
      "id": "4467347710591757",
      "rootid": "4467347710591757",
      "rootidstr": "4467347710591757",
      "floor_number": 10,
      "text": "为什么不中我 啊啊啊啊啊",
      "disable_reply": 0,
      "user": {
        "id": 2167863617,
        "screen_name": "一个爱吃鸡翅的崽_",
        "profile_image_url": "https://tvax3.sinaimg.cn/crop.0.0.1080.1080.180/8136f941ly8gbe1zv2hlsj20u00u0ac4.jpg?KID=imgbed,tva&Expires=1580983167&ssig=uGAguk0qla",
        "profile_url": "https://m.weibo.cn/u/2167863617?uid=2167863617&luicode=20000061&lfid=4467266244514375",
        "statuses_count": 35,
        "verified": false,
        "verified_type": -1,
        "close_blue_v": false,
        "description": "分享自己傻雕生活！pink起来",
        "gender": "m",
        "mbtype": 0,
        "urank": 4,
        "mbrank": 0,
        "follow_me": false,
        "following": false,
        "followers_count": 35,
        "follow_count": 75,
        "cover_image_phone": "https://tva1.sinaimg.cn/crop.0.0.640.640.640/549d0121tw1egm1kjly3jj20hs0hsq4f.jpg",
        "avatar_hd": "https://wx3.sinaimg.cn/orj480/8136f941ly8gbe1zv2hlsj20u00u0ac4.jpg",
        "like": false,
        "like_me": false,
        "badge": {
          "user_name_certificate": 1,
          "wenda_v2": 1,
          "hongbaofei_2019": 1,
          "hongrenjie_2019": 1,
          "china_2019": 1,
          "hongkong_2019": 1,
          "wbzy_2019": 1,
          "gongjiri_2019": 1,
          "hongbao_2020": 2,
          "feiyan_2020": 1
        }
      },
      "mid": "4467347710591757",
      "readtimetype": "comment",
      "comments": false,
      "max_id": 0,
      "total_number": 0,
      "isLikedByMblogAuthor": false,
      "more_info_type": 0,
      "bid": "Isg1l2tWt",
      "source": "",
      "like_count": 0,
      "liked": false
    },
    {
      "created_at": "Sat Feb 01 21:46:17 +0800 2020",
      "id": "4467274817350108",
      "rootid": "4467274817350108",
      "rootidstr": "4467274817350108",
      "floor_number": 6,
      "text": "开个淘宝店吧",
      "disable_reply": 0,
      "user": {
        "id": 5352243851,
        "screen_name": "ZJU帅气飞扬",
        "profile_image_url": "https://tvax2.sinaimg.cn/crop.0.3.751.751.180/005Qdt7Jly8feu6evbcw5j30kv0l1dgi.jpg?KID=imgbed,tva&Expires=1580983167&ssig=L7X4xgYoKa",
        "profile_url": "https://m.weibo.cn/u/5352243851?uid=5352243851&luicode=20000061&lfid=4467266244514375",
        "statuses_count": 89,
        "verified": false,
        "verified_type": -1,
        "close_blue_v": false,
        "description": "好玩国际娱乐有限公司王牌经纪人",
        "gender": "m",
        "mbtype": 0,
        "urank": 9,
        "mbrank": 0,
        "follow_me": false,
        "following": false,
        "followers_count": 83,
        "follow_count": 52,
        "cover_image_phone": "https://tva1.sinaimg.cn/crop.0.0.640.640.640/549d0121tw1egm1kjly3jj20hs0hsq4f.jpg",
        "avatar_hd": "https://wx2.sinaimg.cn/orj480/005Qdt7Jly8feu6evbcw5j30kv0l1dgi.jpg",
        "like": false,
        "like_me": false,
        "badge": {
          "bind_taobao": 1,
          "unread_pool": 1,
          "unread_pool_ext": 1,
          "user_name_certificate": 1,
          "hongbao_2020": 2
        }
      },
      "mid": "4467274817350108",
      "readtimetype": "comment",
      "comments": false,
      "max_id": 0,
      "total_number": 0,
      "isLikedByMblogAuthor": false,
      "more_info_type": 0,
      "bid": "Ise7LuQ68",
      "source": "",
      "like_count": 0,
      "liked": false
    },
    {
      "created_at": "Sat Feb 01 21:38:12 +0800 2020",
      "id": "4467272787730723",
      "rootid": "4467272787730723",
      "rootidstr": "4467272787730723",
      "floor_number": 5,
      "text": "它又胖了！！！",
      "disable_reply": 0,
      "user": {
        "id": 1902426465,
        "screen_name": "ASPRINNN",
        "profile_image_url": "https://tva3.sinaimg.cn/crop.0.13.1242.1242.180/7164b961jw8f7zeisschmj20yi0z90vw.jpg?KID=imgbed,tva&Expires=1580983167&ssig=uAJ5d6aais",
        "profile_url": "https://m.weibo.cn/u/1902426465?uid=1902426465&luicode=20000061&lfid=4467266244514375",
        "statuses_count": 1266,
        "verified": false,
        "verified_type": 220,
        "close_blue_v": false,
        "description": "世界九宫格火锅种子选手",
        "gender": "f",
        "mbtype": 2,
        "urank": 46,
        "mbrank": 6,
        "follow_me": false,
        "following": false,
        "followers_count": 1357,
        "follow_count": 730,
        "cover_image_phone": "https://tva1.sinaimg.cn/crop.0.0.640.640.640/9d44112bjw1f1xl1c10tuj20hs0hs0tw.jpg",
        "avatar_hd": "https://ww3.sinaimg.cn/orj480/7164b961jw8f7zeisschmj20yi0z90vw.jpg",
        "like": false,
        "like_me": false,
        "badge": {
          "bind_taobao": 1,
          "unread_pool": 1,
          "unread_pool_ext": 1,
          "dzwbqlx_2016": 1,
          "user_name_certificate": 1,
          "super_star_2018": 1,
          "dailv_2018": 6,
          "qixi_2018": 1,
          "double11_2018": 1,
          "status_visible": 1,
          "hongbao_2020": 2
        }
      },
      "mid": "4467272787730723",
      "readtimetype": "comment",
      "comments": false,
      "max_id": 0,
      "total_number": 0,
      "isLikedByMblogAuthor": false,
      "more_info_type": 0,
      "bid": "Ise4uwr75",
      "source": "",
      "like_count": 0,
      "liked": false
    },
    {
      "created_at": "Sat Feb 01 21:34:13 +0800 2020",
      "id": "4467271781361458",
      "rootid": "4467271781361458",
      "rootidstr": "4467271781361458",
      "floor_number": 4,
      "text": "酸",
      "disable_reply": 0,
      "user": {
        "id": 1862162350,
        "screen_name": "haddle",
        "profile_image_url": "https://tva3.sinaimg.cn/crop.27.0.379.379.180/6efe57aetw1ebzsvfuatwj20c80b4wfm.jpg?KID=imgbed,tva&Expires=1580983167&ssig=iXcTBuQnBa",
        "profile_url": "https://m.weibo.cn/u/1862162350?uid=1862162350&luicode=20000061&lfid=4467266244514375",
        "statuses_count": 3140,
        "verified": false,
        "verified_type": -1,
        "close_blue_v": false,
        "description": "",
        "gender": "f",
        "mbtype": 0,
        "urank": 28,
        "mbrank": 0,
        "follow_me": false,
        "following": false,
        "followers_count": 203,
        "follow_count": 1119,
        "cover_image_phone": "https://tva4.sinaimg.cn/crop.0.0.640.640/6cf8d7ebjw1ehfr60whp7j20hs0hsacf.jpg",
        "avatar_hd": "https://ww3.sinaimg.cn/orj480/6efe57aetw1ebzsvfuatwj20c80b4wfm.jpg",
        "like": false,
        "like_me": false,
        "badge": {
          "bind_taobao": 1,
          "dailv": 1,
          "unread_pool": 1,
          "unread_pool_ext": 1,
          "dzwbqlx_2016": 1,
          "user_name_certificate": 1,
          "wbzy_2018": 1,
          "hongbaofei_2019": 1,
          "china_2019": 1,
          "wbzy_2019": 1,
          "hongbao_2020": 2,
          "feiyan_2020": 1
        }
      },
      "mid": "4467271781361458",
      "readtimetype": "comment",
      "comments": false,
      "max_id": 0,
      "total_number": 0,
      "isLikedByMblogAuthor": false,
      "more_info_type": 0,
      "bid": "Ise2S5Ib0",
      "source": "",
      "like_count": 0,
      "liked": false
    },
    {
      "created_at": "Sat Feb 01 21:32:39 +0800 2020",
      "id": "4467271386295383",
      "rootid": "4467271386295383",
      "rootidstr": "4467271386295383",
      "floor_number": 3,
      "text": "酸",
      "disable_reply": 0,
      "user": {
        "id": 5204209245,
        "screen_name": "2020暴富暴富不是梦",
        "profile_image_url": "https://tvax2.sinaimg.cn/crop.0.0.996.996.180/005GckyNly8gagg1ukxmvj30ro0ro0tm.jpg?KID=imgbed,tva&Expires=1580983167&ssig=pMMklamG0L",
        "profile_url": "https://m.weibo.cn/u/5204209245?uid=5204209245&luicode=20000061&lfid=4467266244514375",
        "statuses_count": 5877,
        "verified": false,
        "verified_type": -1,
        "close_blue_v": false,
        "description": "追星狗",
        "gender": "m",
        "mbtype": 2,
        "urank": 9,
        "mbrank": 1,
        "follow_me": false,
        "following": false,
        "followers_count": 123,
        "follow_count": 937,
        "cover_image_phone": "https://tva1.sinaimg.cn/crop.0.0.640.640.640/549d0121tw1egm1kjly3jj20hs0hsq4f.jpg",
        "avatar_hd": "https://wx2.sinaimg.cn/orj480/005GckyNly8gagg1ukxmvj30ro0ro0tm.jpg",
        "like": false,
        "like_me": false,
        "badge": {
          "bind_taobao": 1,
          "unread_pool": 1,
          "unread_pool_ext": 1,
          "dzwbqlx_2016": 1,
          "travel_2017": 1,
          "panda": 1,
          "user_name_certificate": 1,
          "wenchuan_10th": 1,
          "wenda_v2": 1,
          "dailv_2018": 7,
          "wbzy_2018": 1,
          "hongbaofei_2019": 1,
          "suishoupai_2019": 7,
          "earth_2019": 1,
          "hongrenjie_2019": 1,
          "china_2019": 1,
          "hongkong_2019": 1,
          "dzwbqlx_2019": 1,
          "rrgyj_2019": 1,
          "wbzy_2019": 1,
          "gongjiri_2019": 1,
          "hongbao_2020": 3,
          "feiyan_2020": 1
        }
      },
      "mid": "4467271386295383",
      "readtimetype": "comment",
      "comments": false,
      "max_id": 0,
      "total_number": 0,
      "isLikedByMblogAuthor": false,
      "more_info_type": 0,
      "bid": "Ise2eqpIr",
      "source": "",
      "like_count": 0,
      "liked": false
    }
  ]
}