{
  "visible": {
    "type": 0,
    "list_id": 0
  },
  "created_at": "Wed Dec 18 16:20:42 +0800 2019",
  "id": "4450885431910263",
  "mid": "4450885431910263",
  "edit_count": 1,
  "can_edit": false,
  "edit_at": "Sat Jan 04 14:44:06 +0800 2020",
  "version": 4,
  "show_additional_indication": 0,
  "text": "<a  href=\"https://m.weibo.cn/p/index?extparam=pdd&containerid=100808a025f0ecbc7ea235af5bee1ceea8e886\" data-hide=\"\"><span class='url-icon'><img style='width: 1rem;height: 1rem' src='https://n.sinaimg.cn/photo/5213b46e/20180926/timeline_card_small_super_default.png'></span><span class=\"surl-text\">pdd</span></a>很多人说看我直播长大，那你们看到现在脱单了吗？评论里抽5个单身猪仔送红包一份，2020年也要加油哦！<span class=\"url-icon\"><img alt=[doge] src=\"//h5.sinaimg.cn/m/emoticon/icon/others/d_doge-861403219c.png\" style=\"width:1em; height:1em;\" /></span> <a data-url=\"http://t.cn/AiDeBiam\" href=\"https://video.weibo.com/show?fid=1034:4450885301108744\" data-hide=\"\"><span class='url-icon'><img style='width: 1rem;height: 1rem' src='https://h5.sinaimg.cn/upload/2015/09/25/3/timeline_card_small_video_default.png'></span><span class=\"surl-text\">pdd_liumou的微博视频</span></a>  <a data-url=\"http://t.cn/Ais5ETbR\" href=\"https://lottery.media.weibo.com/lottery/h5/history/list?mid=4450885431910263\" data-hide=\"\"><span class='url-icon'><img style='width: 1rem;height: 1rem' src='https://h5.sinaimg.cn/upload/2015/09/25/3/timeline_card_small_web_default.png'></span><span class=\"surl-text\">抽奖详情</span></a> ",
  "textLength": 157,
  "source": "pdd超话",
  "favorited": false,
  "pic_ids": [],
  "pic_types": "",
  "is_paid": false,
  "mblog_vip_type": 0,
  "user": {
    "id": 5746403289,
    "screen_name": "pdd_liumou",
    "profile_image_url": "https://tva3.sinaimg.cn/crop.85.0.468.468.180/006gTk01jw8f56gkdwjmtj30go0goaar.jpg?KID=imgbed,tva&Expires=1580982680&ssig=3S3K0BQFBn",
    "profile_url": "https://m.weibo.cn/u/5746403289?uid=5746403289",
    "statuses_count": 234,
    "verified": true,
    "verified_type": 0,
    "verified_type_ext": 1,
    "verified_reason": "斗鱼直播主播，小象互娱合伙人，LOL前职业上单",
    "close_blue_v": false,
    "description": "合作事宜联系：pdd101@xiaoxianghy.com",
    "gender": "m",
    "mbtype": 12,
    "urank": 32,
    "mbrank": 6,
    "follow_me": false,
    "following": false,
    "followers_count": 7050011,
    "follow_count": 132,
    "cover_image_phone": "https://tva1.sinaimg.cn/crop.0.0.640.640.640/549d0121tw1egm1kjly3jj20hs0hsq4f.jpg",
    "avatar_hd": "https://ww3.sinaimg.cn/orj480/006gTk01jw8f56gkdwjmtj30go0goaar.jpg",
    "like": false,
    "like_me": false,
    "badge": {
      "bind_taobao": 1,
      "vip_activity2": 1,
      "dzwbqlx_2016": 1,
      "follow_whitelist_video": 1,
      "user_name_certificate": 1,
      "china_2019": 1,
      "hongkong_2019": 1,
      "hongbao_2020": 2
    }
  },
  "reposts_count": 5932,
  "comments_count": 61677,
  "attitudes_count": 25193,
  "pending_approval_count": 0,
  "isLongText": false,
  "reward_exhibition_type": 2,
  "reward_scheme": "sinaweibo://reward?bid=1000293251&enter_id=1000293251&enter_type=1&oid=4450885431910263&seller=5746403289&share=18cb5613ebf3d8aadd9975c1036ab1f47&sign=b9ab031fd427494b68b72a0d99b0565b",
  "hide_flag": 0,
  "topic_id": "1022:100808a025f0ecbc7ea235af5bee1ceea8e886",
  "sync_mblog": true,
  "is_imported_topic": false,
  "expire_time": 1576744719,
  "darwin_tags": [
    {
      "object_type": "fangle",
      "object_id": "1022:23126100007554157815830529",
      "display_name": "点击领取更多奖品",
      "enterprise_uid": null,
      "bd_object_type": "fangle"
    }
  ],
  "mblogtype": 0,
  "more_info_type": 0,
  "number_display_strategy": {
    "apply_scenario_flag": 3,
    "display_text_min_number": 1000000,
    "display_text": "100万+"
  },
  "content_auth": 0,
  "pic_num": 0,
  "page_info": {
    "type": "video",
    "object_type": 11,
    "page_pic": {
      "width": 809,
      "url": "https://wx1.sinaimg.cn/orj480/006gTk01gy1ga0y87vxpuj30mh0u0gve.jpg",
      "height": 1080
    },
    "page_url": "https://video.weibo.com/show?fid=1034%3A4450885301108744",
    "object_id": "1034:4450885301108744",
    "page_title": "pdd_liumou的微博视频",
    "title": "2020年也要加油！",
    "content1": "pdd_liumou的微博视频",
    "content2": "#pdd[超话]#很多人说看我直播长大，那你们看到现在脱单了吗？评论里抽5个单身猪仔送红包一份，2020年也要加油哦！[doge]",
    "video_orientation": "vertical",
    "play_count": "247万",
    "media_info": {
      "stream_url": "http://f.video.weibocdn.com/0019PRwygx07zsiS8vbO010412001ZiQ0E010.mp4?label=mp4_ld&template=360x640.25.0&trans_finger=bdef57f06ae52835a2c783ca389e8517&Expires=1580975480&ssig=3GhNknrChY&KID=unistore,video",
      "stream_url_hd": "http://f.video.weibocdn.com/00106Uwvgx07zsiRKCJq0104120030Fv0E010.mp4?label=mp4_hd&template=480x852.25.0&trans_finger=1621fcd5d40969f1c74e6b06e52fcd54&Expires=1580975480&ssig=YI3I6crhPb&KID=unistore,video",
      "duration": 16.392
    },
    "urls": {
      "mp4_720p_mp4": "http://f.video.weibocdn.com/001dCH18gx07zsiSlsHZ010412007GWm0E010.mp4?label=mp4_720p&template=720x1280.25.0&trans_finger=11ccc9c970f47cffd9369c72510b3033&Expires=1580975480&ssig=axerzj3McE&KID=unistore,video",
      "mp4_hd_mp4": "http://f.video.weibocdn.com/00106Uwvgx07zsiRKCJq0104120030Fv0E010.mp4?label=mp4_hd&template=480x852.25.0&trans_finger=1621fcd5d40969f1c74e6b06e52fcd54&Expires=1580975480&ssig=YI3I6crhPb&KID=unistore,video",
      "mp4_ld_mp4": "http://f.video.weibocdn.com/0019PRwygx07zsiS8vbO010412001ZiQ0E010.mp4?label=mp4_ld&template=360x640.25.0&trans_finger=bdef57f06ae52835a2c783ca389e8517&Expires=1580975480&ssig=3GhNknrChY&KID=unistore,video"
    }
  },
  "bid": "IllLh80WH",
  "buttons": [
    {
      "type": "follow",
      "name": "关注",
      "sub_type": 0,
      "params": {
        "uid": 5746403289
      }
    }
  ],
  "status_title": "pdd很多人说看我直播长大...",
  "ok": 1,
  "scheme": "https://weibo.cn/appurl?scheme=sinaweibo%3A%2F%2Fdetail%3Fmblogid%3D4450885431910263%26luicode%3D20000061%26lfid%3D4450885431910263&luicode=20000061&lfid=4450885431910263",
  "tipScheme": "https://weibo.cn/appurl?scheme=sinaweibo%3A%2F%2Fdetail%3Fmblogid%3D4450885431910263%26luicode%3D20000061%26lfid%3D4450885431910263&luicode=20000061&lfid=4450885431910263"
}