{
  "visible": {
    "type": 0,
    "list_id": 0
  },
  "created_at": "Tue Feb 04 00:05:07 +0800 2020",
  "id": "4468034532458817",
  "mid": "4468034532458817",
  "can_edit": false,
  "show_additional_indication": 0,
  "text": "采访了回形针制作人吴松磊，他透露这个视频全网播放量超过1亿，微博播放量8000万，微信阅读量 3000万，在看46万。<br />一个视频，两天内，给“回形针PaperClip”这个账号涨粉320万。『一个科普视频涨粉320万！回形针是怎么做到的？』<a data-url=\"http://t.cn/A6PTK8JG\" href=\"https://mp.weixin.qq.com/s?__biz=MzA3MzIxMDkzOA==&mid=2649532825&idx=1&sn=4dcc769b24f57b86f530d3d0056c3b6a\" data-hide=\"\"><span class='url-icon'><img style='width: 1rem;height: 1rem' src='https://h5.sinaimg.cn/upload/2015/09/25/3/timeline_card_small_web_default.png'></span><span class=\"surl-text\">一个科普视频涨粉320万！回形针是怎么做到的？</span></a> ",
  "textLength": 232,
  "source": "iPhone 11 Pro Max(暗夜绿)",
  "favorited": false,
  "pic_ids": [],
  "pic_types": "",
  "is_paid": false,
  "mblog_vip_type": 0,
  "user": {
    "id": 1111681197,
    "screen_name": "来去之间",
    "profile_image_url": "https://tva2.sinaimg.cn/crop.0.0.440.440.180/4242e8adjw8elz58g3kyvj20c80c8myg.jpg?KID=imgbed,tva&Expires=1580983764&ssig=5%2FzmDl1Ytb",
    "profile_url": "https://m.weibo.cn/u/1111681197?uid=1111681197",
    "statuses_count": 89337,
    "verified": true,
    "verified_type": 0,
    "verified_type_ext": 1,
    "verified_reason": "移动互联网分析师",
    "close_blue_v": false,
    "description": "三不代表：本帐号所发言论，一不代表本人，二不代表部门，三不代表公司~~关注本号，如有观点误导，造成损失概不负责……",
    "gender": "m",
    "mbtype": 12,
    "urank": 48,
    "mbrank": 7,
    "follow_me": false,
    "following": false,
    "followers_count": 1194598,
    "follow_count": 4197,
    "cover_image_phone": "https://tva1.sinaimg.cn/crop.0.0.640.640.640/549d0121tw1egm1kjly3jj20hs0hsq4f.jpg",
    "avatar_hd": "https://ww2.sinaimg.cn/orj480/4242e8adjw8elz58g3kyvj20c80c8myg.jpg",
    "like": false,
    "like_me": false,
    "badge": {
      "gongyi": 1,
      "gongyi_level": 3,
      "bind_taobao": 1,
      "dailv": 1,
      "zongyiji": 1,
      "unread_pool": 1,
      "vip_activity2": 3,
      "unread_pool_ext": 1,
      "dzwbqlx_2016": 1,
      "follow_whitelist_video": 1,
      "league_badge": 1,
      "super_star_2017": 1,
      "travel_2017": 1,
      "lol_gm_2017": 1,
      "panda": 1,
      "user_name_certificate": 1,
      "suishoupai_2018": 1,
      "wenchuan_10th": 1,
      "super_star_2018": 1,
      "worldcup_2018": 9,
      "wenda_v2": 1,
      "league_badge_2018": 1,
      "dailv_2018": 1,
      "asiad_2018": 1,
      "qixi_2018": 1,
      "yiqijuan_2018": 1,
      "meilizhongguo_2018": 1,
      "lol_s8": 1,
      "national_day_2018": 1,
      "double11_2018": 1,
      "wbzy_2018": 1,
      "memorial_2018": 1,
      "hongbaofei_2019": 1,
      "fu_2019": 1,
      "womensday_2018": 1,
      "suishoupai_2019": 1,
      "wusi_2019": 1,
      "hongrenjie_2019": 1,
      "dailv_2019": 1,
      "china_2019": 1,
      "hongkong_2019": 1,
      "rrgyj_2019": 1,
      "cishan_2019": 1,
      "weishi_2019": 1,
      "shuang11_2019": 1,
      "wbzy_2019": 1,
      "starlight_2019": 1,
      "macao_2019": 1,
      "china_2019_2": 1,
      "hongbao_2020": 2,
      "feiyan_2020": 1
    }
  },
  "reposts_count": 1166,
  "comments_count": 308,
  "attitudes_count": 4711,
  "pending_approval_count": 0,
  "isLongText": false,
  "reward_exhibition_type": 2,
  "reward_scheme": "sinaweibo://reward?bid=1000293251&enter_id=1000293251&enter_type=1&oid=4468034532458817&seller=1111681197&share=18cb5613ebf3d8aadd9975c1036ab1f47&sign=b695c91656963b5426d67ca98ee1a8a6",
  "hide_flag": 0,
  "darwin_tags": [],
  "mblogtype": 0,
  "more_info_type": 0,
  "cardid": "star_1218",
  "number_display_strategy": {
    "apply_scenario_flag": 3,
    "display_text_min_number": 1000000,
    "display_text": "100万+"
  },
  "content_auth": 0,
  "pic_num": 0,
  "page_info": {
    "object_type": 2,
    "type": "webpage",
    "page_pic": {
      "url": "http://img.t.sinajs.cn/t6/style/images/face/face_card_longwb.png"
    },
    "page_url": "https://mp.weixin.qq.com/s?__biz=MzA3MzIxMDkzOA==&mid=2649532825&idx=1&sn=4dcc769b24f57b86f530d3d0056c3b6a&__biz=MzA3MzIxMDkzOA%3D%3D&mid=2649532825&idx=1&sn=4dcc769b24f57b86f530d3d0056c3b6a&u=https%3A%2F%2Fmp.weixin.qq.com%2Fs%3F__biz%3DMzA3MzIxMDkzOA%3D%3D%26mid%3D2649532825%26idx%3D1%26sn%3D4dcc769b24f57b86f530d3d0056c3b6a",
    "page_title": "一个科普视频涨粉320万！回形针是怎么做到的？",
    "content1": "这两天，你的朋友圈一定被名为《关于新冠肺炎的一切》的短视频刷屏了。 在疫情纷扰，朋友圈被情绪类内容霸占的时候，这..."
  },
  "bid": "IsxT7ajEl",
  "buttons": [
    {
      "type": "follow",
      "name": "关注",
      "sub_type": 0,
      "params": {
        "uid": 1111681197
      }
    }
  ],
  "status_title": "采访了回形针制作人吴松磊...",
  "ok": 1,
  "scheme": "https://weibo.cn/appurl?scheme=sinaweibo%3A%2F%2Fdetail%3Fmblogid%3D4468034532458817%26luicode%3D20000061%26lfid%3D4468034532458817&luicode=20000061&lfid=4468034532458817",
  "tipScheme": "https://weibo.cn/appurl?scheme=sinaweibo%3A%2F%2Fdetail%3Fmblogid%3D4468034532458817%26luicode%3D20000061%26lfid%3D4468034532458817&luicode=20000061&lfid=4468034532458817"
}